Registration No,Title,Subj,Instructor
10577,Introduction to Anthropology,ANTH,Brightman
20573,Sex and Gender,ANTH,Makley
10624,Field Biology of Amphibians,BIOL,Kaplan
10626,Bacterial Pathogenesis,BIOL,
20626,Seminar in Biology,BIOL,Yezerinac
10543,MolecularStructure and Properties,CHEM,Geselbracht
10544,MolecularStructure and Properties,CHEM,Geselbracht
10545,MolecularStructure and Properties,CHEM,Geselbracht
10546,MolecularStructure and Properties,CHEM,Geselbracht
10789,MolecularStructure and Properties,CHEM,Geselbracht
10547,MolecularStructure and Properties,CHEM,Geselbracht
10548,MolecularStructure and Properties,CHEM,Geselbracht
20575,Sex and Gender,ANTH,Makley
10549,MolecularStructure and Properties,CHEM,Geselbracht
10550,MolecularStructure and Properties,CHEM,Geselbracht
10551,MolecularStructure and Properties,CHEM,Geselbracht
10555,MolecularStructure and Properties,CHEM,Geselbracht
10552,MolecularStructure and Properties,CHEM,Geselbracht
10553,MolecularStructure and Properties,CHEM,Geselbracht
10557,MolecularStructure and Properties,CHEM,Geselbracht
10556,MolecularStructure and Properties,CHEM,Geselbracht
10554,MolecularStructure and Properties,CHEM,Geselbracht
10558,MolecularStructure and Properties,CHEM,Geselbracht
20483,Languages the Americas:Mayan,ANTH,Haviland
20537,Chemical Reactivity,CHEM,Glasfeld
20538,Chemical Reactivity,CHEM,Glasfeld
20539,Chemical Reactivity,CHEM,Glasfeld
20540,Chemical Reactivity,CHEM,Glasfeld
20541,Chemical Reactivity,CHEM,Glasfeld
20542,Chemical Reactivity,CHEM,Glasfeld
20543,Chemical Reactivity,CHEM,Glasfeld
20544,Chemical Reactivity,CHEM,Glasfeld
20545,Chemical Reactivity,CHEM,Glasfeld
20546,Chemical Reactivity,CHEM,Glasfeld
20667,Anthropology of Europe,ANTH,Silverstein
20547,Chemical Reactivity,CHEM,Glasfeld
10559,Organic Chemistry I,CHEM,Shusterman
10560,Organic Chemistry I,CHEM,Shusterman
10561,Organic Chemistry I,CHEM,Shusterman
10562,Organic Chemistry I,CHEM,Shusterman
10563,Organic Chemistry I,CHEM,Shusterman
10565,Organic Chemistry I,CHEM,Shusterman
10566,Organic Chemistry I,CHEM,Shusterman
10567,Organic Chemistry I,CHEM,Shusterman
20548,Organic Chemistry II,CHEM,McDougal
20571,Prob in IndonesianEthnography,ANTH,Stasch
20549,Organic Chemistry II,CHEM,McDougal
20550,Organic Chemistry II,CHEM,McDougal
20551,Organic Chemistry II,CHEM,McDougal
20552,Organic Chemistry II,CHEM,McDougal
20554,Organic Chemistry II,CHEM,McDougal
20555,Organic Chemistry II,CHEM,McDougal
20556,Organic Chemistry II,CHEM,McDougal
20557,Intro Inorganic Chemistry,CHEM,Geselbracht
20559,Intro Inorganic Chemistry,CHEM,Geselbracht
20560,Intro Inorganic Chemistry,CHEM,Geselbracht
10605,"Gender and Ethnicity China, Tibet",ANTH,Makley
10582,Environmental Chemistry,CHEM,Dunne
10568,Analytical Chemistry,CHEM,McClard
10569,Analytical Chemistry,CHEM,McClard
10570,Analytical Chemistry,CHEM,McClard
20561,Physical Chemistry Laboratory,CHEM,Ahmadi
20563,Computational Organic Chem,CHEM,Shusterman
20564,Statistical Thermodynamics,CHEM,Ahmadi
10571,Quantum Mechanics  and  MolStruct,CHEM,Ahmadi
20565,Advanced Inorganic Chemistry,CHEM,Geselbracht
10572,Adv Synth Organic Chemistry,CHEM,McDougal
20570,Myth,ANTH,Stasch
10574,Structural Biochemistry,CHEM,Glasfeld
10576,Structural Biochemistry,CHEM,Glasfeld
10575,Structural Biochemistry,CHEM,Glasfeld
20566,Metabolic Biochemistry,CHEM,McClard
20567,Biochemical Methods,CHEM,McClard
20568,Biochemical Methods,CHEM,McClard
20569,Biochemical Methods,CHEM,McClard
10377,First Year Chinese,CHIN,
10118,Second Year Chinese,CHIN,
20598,Third Year Chinese,CHIN,Wu
20572,Media  and  Culture Post-MaoChina,ANTH,Makley
10629,Classical Chinese,CHIN,Rhew
10628,"20 Cent Chin Fiction, 1919-49",CHIN,Wu
10630,Chinese Narrative Tradition,CHIN,Rhew
20596,Yijing: Text and Tradition,CHIN,Rhew
20601,20th Century Chinese Poetry,CHIN,Wu
20486,Greek Tragedy,CLAS,Englert
10489,Ancient History: Rome,CLAS,Kelly
20488,Specl Topics in Roman History,CLAS,Kelly
20503,Intro to Creative Writing,CRWR,Hillis
10515,Intro Poetry Writing,CRWR,Williams
20659,Indians  and  Northrn NativeAmers,ANTH,Brightman
20504,Intro Poetry Writing,CRWR,Williams
10516,Intro to Fiction Writing,CRWR,Hillis
20642,Intermediate Poetry: StudioII,CRWR,Williams
10517,Intro to ScreenwritingWrkshop,CRWR,Hillis
10518,Adv Poet Writng: SequentVoice,CRWR,Williams
20506,Adv Poet Writing:NaturalVoice,CRWR,Williams
10519,Advanced Fiction Writing,CRWR,Hillis
20507,Advanced Fiction Writing,CRWR,Hillis
10119,Basic Technique,DANC,Mann
10121,"Technique, Design  and Compostion",DANC,Wong
20672,Urban Anthropology,ANTH,Silverstein
20627,Improvisation,DANC,Mann
10639,Adv Techniques  and  CompositionI,DANC,Mann
20655,Adv Technique  and  CompositionII,DANC,Wong
10631,Dance Theory and Criticism,DANC,Wong
10324,Intro to Economic Analysis,ECON,Clausing
10325,Intro to Economic Analysis,ECON,Clausing
10326,Intro to Economic Analysis,ECON,Clausing
10327,Intro to Economic Analysis,ECON,Clausing
20319,Intro to Economic Analysis,ECON,Netusil
20320,Intro to Economic Analysis,ECON,Netusil
10578,Introduction to Anthropology,ANTH,Makley
10583,"Nature, Cult  and Envirnmentalism",ANTH,Brightman
20321,Intro to Economic Analysis,ECON,Netusil
20322,Intro to Economic Analysis,ECON,Netusil
10584,Survey of Econometric Methods,ECON,Netusil
20574,Theory and  Practice Econometrics,ECON,Parker
10585,Microeconomic Theory,ECON,Despins
20576,Macroeconomic Theory,ECON,Parker
20580,History of Economic Thought,ECON,Clausing
10587,Monetary and Fiscal Policy,ECON,Parker
10589,International Macroeconomics,ECON,Clausing
20585,Economics of the PublicSector,ECON,Netusil
10586,Structuralism and Semiotics,ANTH,Stasch
10590,Environment  and  Nat Resrce Econ,ECON,Netusil
10591,Economics of Development,ECON,Despins
20582,International Trade,ECON,Clausing
10592,Seminar: Unemployment,ECON,Parker
20602,Economics  and  Game Theory,ECON,Despins
20592,"Econ Envirn, Intl Trade,Devel",ECON,Despins
10597,Economic Growth,ECON,Parker
10503,Intro Narr:Native AmericanLit,ENG,Arnold
10774,Intro Narr: Telling Lives,ENG,Leveen
20508,Intro Narrative: The Essay,ENG,Duquette
10593,Structuralism and Semiotics,ANTH,Stasch
10504,Intro Fict:Colonl and LaterNovels,ENG,Gillcrist
10505,Intro Fict:Portraits ofLadies,ENG,King
20509,Intro Fict: The Short Story,ENG,Baker
10506,Intro to Poetry and Poetics,ENG,Steinman
10507,Intro to Poetry and Poetics,ENG,Steinman
20510,Intro to Poetry and Poetics,ENG,Stauder
10758,Intro to Drama: The 1990s,ENG,Savery
20511,Intro Drama:Conventn  and Inovatn,ENG,Porter
20512,Intro Drama:Conventn  and Inovatn,ENG,Porter
10508,Jun Sem: Epic and Novel,ENG,Sherman
20660,Theories of Culture,ANTH,Brightman
20513,"Jun Sem:Irony, Allegory, Epic",ENG,Knapp
20647,Amer. Studies Seminar: TheEnd,ENG,Arnold
20514,"Fict:Wolff,Forster,Bloomsbury",ENG,Gillcrist
20515,Fict: Novel  and  Theory Mimesis,ENG,King
20516,Mod Fict:Representing Mothers,ENG,Sherman
10509,American Lit: Race in America,ENG,Baker
10510,Amer Lit: The James Brothers,ENG,Duquette
20677,American Lit: Speaking ofRace,ENG,Leveen
10511,20th Cent African-Amercan Lit,ENG,Savery
10512,Love in Shakespeare,ENG,Porter
10458,Introductory Drawing,ART,Knutson
20517,Skepticism in Shakespeare,ENG,Knapp
10752,Poetry: Pound and H.D.,ENG,Stauder
20518,Poetry  and  History:Contemp Amer,ENG,Steinman
10514,Literary Theory:EthicsReading,ENG,Knapp
10136,First Year French,FREN,
10137,First Year French,FREN,
10138,First Year French,FREN,
10139,Second Year French,FREN,Delehanty
10140,Second Year French,FREN,Berkvam
10141,Second Year French,FREN,Berkvam
10459,Introductory Drawing,ART,Ondrizek
10142,Stylistics and Composition,FREN,Khan
10495,Lit  and  Society (16th Century),FREN,Berkvam
20493,Lit  and  Society (18th Century),FREN,Berkvam
20494,Early Modern French Narrative,FREN,Khan
20495,17th Cent French Drama,FREN,Delehanty
20496,20th C French Poetry  and Poetics,FREN,Hochman
10496,20th Century French Theatre,FREN,Khan
10497,Seminar:Uses of Literature,FREN,Hochman
10143,Frst Yr German:A Foundation,GER,
10397,Frst Yr German:A Foundation,GER,
20465,Figure Drawing,ART,Ondrizek
10145,Secnd Yr Ger:CultralPerspctvs,GER,Gokberk
10498,Adv Conversation and Writing,GER,Mieszkowski
20499,Advancd Conversation and Writing,GER,Irmscher
20497,Modernism: Berlin,GER,Gokberk
20502,Contemporary German Prose,GER,Gokberk
10501,Modern German Theatre,GER,Rudolf
10499,German Thought Postmodrn Era,GER,Irmscher
20500,German Theory II: Body Media,GER,Mieszkowski
10146,First Year Greek,GRK,
10147,Second Year Greek,GRK,Wolfe
20466,Printmaking,ART,Knutson
10487,Advanced Greek,GRK,Tron
20485,Advanced Greek,GRK,Nicholson
20628,Late Imperial China,HIST,Fix
10643,Modern China,HIST,Fix
10644,Cultr  and  Society 19 CentAmerca,HIST,Dirks
20629,Culture and Society 20 Cent Amer,HIST,Dirks
10784,Introduction to Judaism,HIST,McCalla
10645,Spcl Tops: Vietnam War,HIST,Segel
10646,Spcl Tops: Vietnam War,HIST,Segel
10647,Subaltern Stds Historiography,HIST,Fix
10453,Introduction to Art History,ART,Diebold
20630,The Family in China and Japan,HIST,Fix
10648,Devel of Britain 1700-1830,HIST,Sacks
20631,The Third Reich,HIST,Mueller
20632,The Third Reich,HIST,Mueller
20633,The Russian Revolution,HIST,Smith
20634,The Russian Revolution,HIST,Smith
10649,"Weimar:State,Society  and Culture",HIST,Mueller
10653,Old Regime France 1600-1750,HIST,Breen
20640,The French Enlightenment,HIST,Breen
20641,Civil War and Reconstruction,HIST,Iaccarino
20461,Introduction to Art History,ART,Diebold
20635,Gender and History,HIST,Dirks
20636,Gender and History,HIST,Dirks
10650,American Slavery,HIST,Iaccarino
20637,Mexico: Indepdence toRevolutn,HIST,Garrett
20638,Mexico: Indepdence toRevolutn,HIST,Garrett
10651,Mexico  and  the Spanish Conquest,HIST,Garrett
10800,Mexico  and  the Spanish Conquest,HIST,Garrett
10490,Ancient History: Rome,HIST,Kelly
20489,Specl Topics in Roman History,HIST,Kelly
10652,Jun Sem: Depression Era U.S.,HIST,Dirks
10579,Introduction to Anthropology,ANTH,Stasch
20462,Introduction to Art History,ART,Diebold
20639,"Sem: Comty, Auth, Cult15-1700",HIST,Sacks
10072,West Humanities: Greece  and Rome,HUM,King
10148,West Humanities: Greece  and Rome,HUM,Arnold
10149,West Humanities: Greece  and Rome,HUM,Drumm
10150,West Humanities: Greece  and Rome,HUM,Englert
10151,West Humanities: Greece  and Rome,HUM,Sherman
10152,West Humanities: Greece  and Rome,HUM,Leveen
10153,West Humanities: Greece  and Rome,HUM,Arkonovich
10154,West Humanities: Greece  and Rome,HUM,Gillcrist
10155,West Humanities: Greece  and Rome,HUM,Breen
10460,Introductory Painting,ART,Knutson
10156,West Humanities: Greece  and Rome,HUM,Baker
10157,West Humanities: Greece  and Rome,HUM,Duquette
10158,West Humanities: Greece  and Rome,HUM,Nicholson
10159,West Humanities: Greece  and Rome,HUM,Stauder
10160,West Humanities: Greece  and Rome,HUM,Feener
10161,West Humanities: Greece  and Rome,HUM,Delehanty
10749,West Humanities: Greece  and Rome,HUM,Foat
10162,West Humanities: Greece  and Rome,HUM,Mandell
10163,West Humanities: Greece  and Rome,HUM,King
10164,West Humanities: Greece  and Rome,HUM,David
20467,Introductory Painting II,ART,Knutson
10165,West Humanities: Greece  and Rome,HUM,Latham
10775,West Humanities: Greece  and Rome,HUM,Wolfe
10166,West Humanities: Greece  and Rome,HUM,Mieszkowski
10168,West Humanities: Greece  and Rome,HUM,Kelly
10169,West Humanities: Greece  and Rome,HUM,Hendrickson
10318,West Humanities: Greece  and Rome,HUM,Sacks
10323,West Humanities: Greece  and Rome,HUM,Iaccarino
10073,Early Modern Europe,HUM,Knapp
10175,Early Modern Europe,HUM,Knapp
10176,Early Modern Europe,HUM,Steinman
10461,Sculpture,ART,Ondrizek
10177,Early Modern Europe,HUM,Kierstead
10178,Early Modern Europe,HUM,Garrett
10074,Modern Humanities,HUM,Mueller
10170,Modern Humanities,HUM,van Dyke
10171,Modern Humanities,HUM,Mueller
10172,Modern Humanities,HUM,Porter
10173,Modern Humanities,HUM,Segel
10174,Modern Humanities,HUM,Gokberk
10314,Foundatns ChineseCivilization,HUM,Brashier
10315,Foundatns ChineseCivilization,HUM,Wu
20468,Sculpture II,ART,Ondrizek
10316,Foundatns ChineseCivilization,HUM,Brashier
10317,Foundatns ChineseCivilization,HUM,Fix
10179,First Year Latin,LAT,
10180,Second Year Latin,LAT,Wolfe
10486,Advanced Latin,LAT,Englert
20484,Advanced Latin,LAT,Tron
10481,General Linguistics,LING,Haviland
10484,Language and Society,LING,Haviland
10483,Introductory Syntax,LING,Haviland
20481,Morphosyntactic Typology,LING,Haviland
10454,Early Medieval Art,ART,Diebold
20482,Languages the Americas:Mayan,LING,Haviland
10588,Structuralism and Semiotics,LING,Stasch
10598,Structuralism and Semiotics,LING,Stasch
10747,Psycholinguistics,LING,Canseco-Gonzale
10747,Psycholinguistics,LING,Canseco-Gonzale
20652,Psych of Language Acquisition,LING,Canseco-Gonzale
10538,Russian Short Fiction,LIT,Lencek
10757,"20-Cent Chin Fiction, 1919-49",LIT,Wu
20498,Modernism: Berlin,LIT,Gokberk
10756,Chinese Narrative Tradition,LIT,Rhew
20682,Medieval Manuscript Illumin,ART,Diebold
20657,Yijing: Text and Tradition,LIT,Rhew
10502,Modern German Theatre,LIT,Rudolf
20665,20-Century Chinese Poetry,LIT,Wu
20487,Greek Tragedy,LIT,Englert
20531,Russian Lit:Chekhov toPresent,LIT,Bershtein
10540,The Myth of St. Petersburg,LIT,Bershtein
10500,German Thought Postmod Era,LIT,Irmscher
20501,German Theory II: Body Media,LIT,Mieszkowski
20536,Russian Lit:Gogol  and Dostoevsky,LIT,Lencek
20533,Russ Decadent/SymbolistCultur,LIT,Bershtein
10455,Divine Comedy  and Visualizations,ART,David
10542,20th C Russian CriticalTheory,LIT,Lencek
10430,Calculus I,MATH,Mayer
10431,Calculus I,MATH,Shurman
10432,Calculus I,MATH,Mayer
10433,Calculus I,MATH,Potluri
10434,Calculus I,MATH,Shurman
10435,Calculus I,MATH,Potluri
20442,Calculus I,MATH,Potluri
20443,Calculus I,MATH,Potluri
20444,Calculus II,MATH,Mayer
20680,Art and Politics in France,ART,Hendrickson
20445,Calculus II,MATH,Perkinson
20446,Calculus II,MATH,Jones
20447,Calculus II,MATH,Wieting
20448,Calculus II,MATH,Perkinson
20449,Calculus II,MATH,Bernhard
10436,Introduction to Computing,MATH,Fix
10436,Introduction to Computing,MATH,Fix
10437,Introduction to Computing,MATH,Fix
10437,Introduction to Computing,MATH,Fix
20450,Introduction to Combinatorics,MATH,Shurman
20681,Pol Hist of Art Between Wars,ART,van Dyke
10438,Intro to Probability  and Statist,MATH,Jones
10439,Intro to Probability  and Statist,MATH,Jones
10440,Intro to Probability  and Statist,MATH,Jones
10441,Intro to Probability  and Statist,MATH,Jones
10442,Intro to Probability  and Statist,MATH,Jones
10443,Introduction to Analysis I,MATH,Perkinson
10444,Introduction to Analysis I,MATH,Wieting
10445,Introduction to Analysis I,MATH,Bernhard
20451,Introduction to Analysis II,MATH,Wieting
20452,Introduction to Analysis II,MATH,Bernhard
10580,Introduction to Anthropology,ANTH,Silverstein
10777,Art  and  Pol in Weimar Republic,ART,van Dyke
20453,Complex Analysis,MATH,Perkinson
10446,Advanced Calculus,MATH,Shurman
10447,Linear Algebra,MATH,Mayer
10448,Linear Algebra,MATH,Potluri
20454,Linear Algebra,MATH,Jones
20455,Abstract Algebra,MATH,Bernhard
20456,Geometry,MATH,Wieting
10449,Combinatorics,MATH,Perkinson
20457,Data Structure  and  Algorithm,MATH,Fix
20643,Computer Graphics,MATH,Fix
20679,New West in Amer Photography,ART,Fillin-Yeh
10450,Probability,MATH,Wieting
20458,Topics in Advanced AnalysisII,MATH,Mayer
20459,Elemetary Number Theory,MATH,Shurman
10451,Algebraic Structures,MATH,Bernhard
10452,Topics In Computer Theory,MATH,Fix
10329,Chamber Orchestra,MUS,Schiff
20324,Chamber Orchestra,MUS,Schiff
10321,Chorus,MUS,Hancock
20316,Chorus,MUS,Hancock
10322,Collegium Musicum,MUS,Hancock
10462,"Intermed Paint,Draw,PrintmakI",ART,Knutson
20317,Collegium Musicum,MUS,Hancock
10464,Intro to Music Listening,MUS,Falk
10465,Music Theory I,MUS,Hancock
10466,Music Theory I,MUS,Hancock
10467,Music Theory I,MUS,Hancock
10468,Music Theory I,MUS,Hancock
10469,Music Theory I,MUS,Hancock
20471,Theory II:IntermediateHarmony,MUS,Hancock
20472,Theory II:IntermediateHarmony,MUS,Hancock
20473,Theory II:IntermediateHarmony,MUS,Hancock
20469,"IntermedPaint,Draw,PrintmakII",ART,Knutson
20474,Survey of Western Music,MUS,Falk
10470,Theory III: BaroqueCounterpnt,MUS,Schiff
20648,The String Quartet,MUS,Falk
10471,Representation in Music,MUS,Falk
20475,Romantic Music,MUS,Hancock
20476,Jazz,MUS,Schiff
20477,Jazz,MUS,Schiff
10472,Modernism in Music,MUS,Schiff
10473,Medieval and RenaissanceMusic,MUS,Falk
20478,Advanced Analysis,MUS,Schiff
10463,Intermed Sculp  and  Multimedia I,ART,Ondrizek
10656,Aerobics,PE,Casey
10657,Aerobics,PE,Casey
10658,African Dance,PE,Casey
10661,Aikido,PE,Casey
10659,Archery,PE,Casey
10660,Archery,PE,Casey
10664,Bellydance,PE,Casey
10662,Ballroom Dance-Beginning,PE,Casey
10663,Ballroom Dance-Intermediate,PE,Casey
10665,Canoeing,PE,Casey
20470,Intermed Sculp  and  MultimediaII,ART,Ondrizek
10680,Self Defense,PE,Casey
10666,Fencing,PE,Casey
10667,Folkdance,PE,Casey
10668,Golf,PE,Casey
10698,Yoga-Hatha,PE,Casey
10671,Judo,PE,Casey
10670,Juggling,PE,Casey
10669,Jitterbug,PE,Casey
10697,Yoga-Kundilini,PE,Casey
10672,Kayaking-Intermediate,PE,Casey
20464,"Leonardo, Raphael,Michelangel",ART,David
10673,Lifeguard Training,PE,Casey
10699,Yoga-Relaxaion,PE,Casey
10674,Rock Climbing,PE,Casey
10675,Rugby-Men and Women,PE,Casey
10750,Rowing-Beginning,PE,Casey
10751,Rowing-Intermediate,PE,Casey
10683,Softball,PE,Casey
10684,Squash-Beginning,PE,Casey
10685,Squash-Intermediate,PE,Casey
10678,Sailing,PE,Casey
10594,Intro Biology Lect and Lab,BIOL,Shampay
10676,Sailing,PE,Casey
10677,Sailing,PE,Casey
10689,Tai Chi-Beginning,PE,Casey
10690,Tai Chi-Intermediate,PE,Casey
10693,Tennis-Advanced,PE,Casey
10691,Tennis-Beginning,PE,Casey
10692,Tennis-Intermediate,PE,Casey
10694,Ultimate Frisbee,PE,Casey
10696,White Water Rafting,PE,Casey
10701,Aerobics,PE,Casey
10596,Intro Biology Lect and Lab,BIOL,Shampay
10703,Aerobics,PE,Casey
10704,African Dance,PE,Casey
10705,Aikido,PE,Casey
10707,Badminton,PE,Casey
10709,Basketball-Coed,PE,Casey
10706,Backcountry Navigation,PE,Casey
10708,Badminton,PE,Casey
10713,Bellydance,PE,Casey
10714,Bowling,PE,Casey
10711,Ballroom Dance-Beginning,PE,Casey
10599,Intro Biology Lect and Lab,BIOL,Shampay
10712,Ballroom Dance-Intermediate,PE,Casey
10727,Self Defense,PE,Casey
10715,Fencing,PE,Casey
10716,Folkdancing,PE,Casey
10717,Hiking Around Portland,PE,Casey
10740,Yoga-Hatha,PE,Casey
10721,Juggling,PE,Casey
10720,Jitterbug,PE,Casey
10722,Judo,PE,Casey
10739,Yoga-Kundlini,PE,Casey
10581,Introduction to Anthropology,ANTH,Brightman
10600,Intro Biology Lect and Lab,BIOL,Shampay
10723,Lifeguard Training,PE,Casey
10781,Modern Dance,PE,Casey
10741,Yoga-Relaxation,PE,Casey
10725,Rock Climbing,PE,Casey
10724,Raquetball-Beginning,PE,Casey
10726,Rugby-Men and Women,PE,Casey
10730,Squash-beginning,PE,Casey
10731,Squash-Intermediate,PE,Casey
10735,Tai Chi-Beginning,PE,Casey
10736,Tai Chi-Intermediate,PE,Casey
10601,Intro Biology Lect and Lab,BIOL,Shampay
10737,Ultimate Frisbee,PE,Casey
10421,Introduction to Philosophy,PHIL,Hinchliff
10422,Introduction to Philosophy,PHIL,Latham
10423,Introduction to Philosophy,PHIL,Reeve
20417,Logic,PHIL,Taschek
10424,Ancient Philosophy,PHIL,Reeve
20418,Post-Kantian Continental Phil,PHIL,Peck
20419,Metaphysics,PHIL,Hinchliff
10425,Epistemology,PHIL,Taschek
10767,Ethics,PHIL,Arkonovich
10602,Intro Biology Lect and Lab,BIOL,Shampay
10427,Philosophy of Mind,PHIL,Hinchliff
20421,"Adv Topics:APrior,Nec,Anlytic",PHIL,Hinchliff
20422,Advanced Topics:Phil of Mind,PHIL,Reeve
20423,Advanced Topics: Epistemology,PHIL,Taschek
20670,Adv Topics: Ethics,PHIL,Latham
10428,Major Figures:Existentialists,PHIL,Peck
10429,Major Figures: Davidson,PHIL,Taschek
20424,Major Figures: Hume,PHIL,Arkonovich
10075,General Physics I,PHYS,Bonfim
10181,General Physics I,PHYS,Bonfim
10603,Intro Biology Lect and Lab,BIOL,Shampay
10182,General Physics I,PHYS,Bonfim
10183,General Physics I,PHYS,Bonfim
10184,General Physics I,PHYS,Bonfim
10185,General Physics I,PHYS,Bonfim
10186,General Physics I,PHYS,Bonfim
10392,General Physics I,PHYS,Bonfim
10187,General Physics I,PHYS,Bonfim
10188,General Physics I,PHYS,Bonfim
10189,General Physics I,PHYS,Bonfim
10190,General Physics I,PHYS,Bonfim
10604,Intro Biology Lect and Lab,BIOL,Shampay
10191,General Physics I,PHYS,Bonfim
10192,General Physics I,PHYS,Bonfim
10193,General Physics I,PHYS,Bonfim
10194,General Physics I,PHYS,Bonfim
20402,Introduction to Physics,PHYS,Reynolds
20403,Introduction to Physics,PHYS,Reynolds
20404,Introduction to Physics,PHYS,Reynolds
20405,Introduction to Physics,PHYS,Reynolds
20406,Introduction to Physics,PHYS,Reynolds
20407,Introduction to Physics,PHYS,Reynolds
10606,Intro Biology Lect and Lab,BIOL,Shampay
20409,Introduction to Physics,PHYS,Reynolds
20410,Introduction to Physics,PHYS,Reynolds
20658,Introduction to Physics,PHYS,Staff
20412,Introduction to Physics,PHYS,Reynolds
20413,Introduction to Physics,PHYS,Reynolds
20415,Introduction to Physics,PHYS,Reynolds
10076,General Physics II,PHYS,Griffiths
10195,General Physics II,PHYS,Griffiths
10196,General Physics II,PHYS,Griffiths
10393,General Physics II,PHYS,Griffiths
20579,Intro Biology Lect and Lab,BIOL,Black
10399,Classical Mechanics I,PHYS,Reynolds
10401,Electrodynamics I,PHYS,James
20392,Electrodynamics II,PHYS,James
10702,Optics,PHYS,Mitchell
10402,Advanced Laboratory I,PHYS,Essick
10404,Advanced Laboratory I,PHYS,Essick
10405,Advanced Laboratory I,PHYS,Essick
20394,Advanced Laboratory II,PHYS,Mitchell
20395,Advanced Laboratory II,PHYS,Mitchell
20396,Advanced Laboratory II,PHYS,Mitchell
20583,Intro Biology Lect and Lab,BIOL,Black
20397,Quantum Mechanics I,PHYS,Wheeler
10407,Thermal Physics,PHYS,Reynolds
20398,Solid State Physics,PHYS,Essick
20399,Elementary Particles,PHYS,Griffiths
10409,Scientific Computation,PHYS,Crandall
10411,Classical Mechanics II,PHYS,Wheeler
20400,Quantum Mechanics II,PHYS,Wheeler
10633,Intro Political Analysis,POL,Rejali
20613,Empirical Political Theory,POL,Gronke
20612,Classical PoliticalPhilosophy,POL,Mandell
20584,Intro Biology Lect and Lab,BIOL,Black
10635,Modern Political Philosophy,POL,Steinberger
20611,Comparative Politics,POL,Andreas
10521,Research Methods,POL,Tudor
10636,Democratic Theory,POL,Mandell
10637,Politics of Globalization,POL,Andreas
10769,Environmental Politics,POL,Teske
20675,Pol of Democratic Participatn,POL,Teske
20618,States and Illegal Markets,POL,Andreas
10634,Approaches to Violence,POL,Rejali
20622,Pol of Border and US-Mexico,POL,Andreas
20586,Intro Biology Lect and Lab,BIOL,Black
20609,Con. Law and JudicialPolitics,POL,Kapsch
20614,Systems of Justice,POL,Kapsch
10638,International CriminalJustice,POL,Rejali
20615,Machiavelli,POL,Rejali
20616,Political Philosophies ofWork,POL,Rejali
10398,Intro to Psychology I,PSY,Reisberg
10400,Intro to Psychology,PSY,Reisberg
10403,Intro to Psychology,PSY,Reisberg
10406,Intro to Psychology,PSY,Reisberg
10408,Intro to Psychology,PSY,Reisberg
10763,Introduction to Anthropology,ANTH,Silverstein
20587,Intro Biology Lect and Lab,BIOL,Black
20401,Intro to Psychology II,PSY,Neuringer
20408,Intro to Psychology II,PSY,Neuringer
20411,Intro to Psychology II,PSY,Neuringer
20414,Intro to Psychology II,PSY,Neuringer
20416,Intro to Psychology II,PSY,Neuringer
10413,Social Psychology,PSY,Oleson
10753,Health Psychology,PSY,Herman
20662,Social Development,PSY,Bulkley
20663,Community Psychology,PSY,Herman
10414,Psychobiology,PSY,Dickinson
20588,Intro Biology Lect and Lab,BIOL,Black
20426,Psychobiology,PSY,Rhodes
20428,Neuropsychology,PSY,Canseco-Gonzale
20429,Psychopharmacology,PSY,Dickinson
20430,Psychopharmacology,PSY,Dickinson
20431,Psychopharmacology,PSY,Dickinson
10416,Thinking,PSY,Reisberg
20432,Research Design  and  DataAnalysi,PSY,Oleson
20433,Research Design  and  DataAnalysi,PSY,Oleson
20434,Research Design  and  DataAnalysi,PSY,Oleson
10754,Psychopathology,PSY,Herman
20589,Intro Biology Lect and Lab,BIOL,Black
10417,Human Development,PSY,Bulkley
20435,Cognitive Processes,PSY,Reisberg
20436,Cognitive Processes,PSY,Reisberg
20437,Cognitive Processes,PSY,Reisberg
20438,Learning,PSY,Neuringer
20425,Music Perception,PSY,Reisberg
10755,Cross-Cultural Psychology,PSY,Bulkley
10418,Psycholinguistics,PSY,Canseco-Gonzale
20440,Psych of Language Acquisition,PSY,Canseco-Gonzale
10420,Junior Seminar,PSY,Rhodes
20590,Intro Biology Lect and Lab,BIOL,Black
20441,Psychobiology Research,PSY,Dickinson
20664,Clinical Psychology,PSY,Herman
10759,Introduction to Judaism,REL,McCalla
20521,Intro to Religions of Asia,REL,Brashier
10523,Introduction to Islam,REL,Feener
10524,Theory  and  Method in RelStudies,REL,Brashier
10785,Theory  and Methods in RelStudies,REL,Brashier
10786,Theory  and Methods in RelStudies,REL,Brashier
10787,Theory  and Methods in RelStudies,REL,Brashier
20522,History of Religion,REL,McCalla
20591,Intro Biology Lect and Lab,BIOL,Black
10525,Chinese Mahayana Texts,REL,Brashier
20523,Missing Persons World ofIslam,REL,Feener
10760,Romanticism and Religion,REL,McCalla
10527,Spcl Top Ancient Christianity,REL,Foat
20666,Junior Seminar,REL,Foat
10197,First Year Russian,RUSS,
10799,First Year Russian,RUSS,Lencek
10799,First Year Russian,RUSS,Lencek
10198,Second Year Russian,RUSS,
10537,Russian Short Fiction,RUSS,Lencek
20593,Vascular Plant Diversity,BIOL,Raubeson
10536,Advanced Russian,RUSS,Bershtein
20534,20th Century Russian Poetry,RUSS,Lencek
20530,Mod Russ Lit:Chekov toPresent,RUSS,Bershtein
10539,The Myth of St. Petersburg,RUSS,Bershtein
20535,Russ Lit: Gogol  and  Dostoevsky,RUSS,Lencek
20532,Russ Decadent/SymbolistCultur,RUSS,Bershtein
10541,20th C Russian CriticalTheory,RUSS,Lencek
10474,Introduction to Sociology,SOC,Tudor
10475,Introduction to Sociology,SOC,Hrycak
10476,Introduction to Sociology,SOC,Hrycak
20594,Vascular Plant Diversity,BIOL,Raubeson
10477,Introduction to Sociology,SOC,Schneiberg
10478,Introduction to Sociology,SOC,Schneiberg
10479,Introduction to Sociology,SOC,Tudor
10480,Introduction to Sociology,SOC,Tudor
20684,Race and Ethnicity,SOC,Schneiberg
20685,Race and Ethnicity,SOC,Schneiberg
20653,Sociology of Religion,SOC,Tudor
20654,Sociology of Religion,SOC,Tudor
10520,Research Methods,SOC,Tudor
20646,American Capitalism,SOC,Schneiberg
20595,Vascular Plant Diversity,BIOL,Raubeson
10522,Sociology of Culture,SOC,Hrycak
10199,First Year Spanish,SPAN,Drumm
10200,First Year Spanish,SPAN,Moret
10201,First Year Spanish,SPAN,Schulz
10202,Second Year Spanish,SPAN,Fischer
10203,Second Year Spanish,SPAN,Fischer
10378,Second Year Spanish,SPAN,Moret
10491,Theory  and  Practice HispanicLit,SPAN,Moret
10492,Theory  and  Practice HispanicLit,SPAN,Schulz
20492,Spanish Short Story,SPAN,Alonso
10610,Animal Behav.  and  Behav.Ecology,BIOL,Yezerinac
10494,Modern Peninsular Drama,SPAN,Drumm
20491,Mod Spanish American Drama,SPAN,Larisch
20683,Penin Lit: Dogma  and  Disbelief,SPAN,Garcia-Bryce
10493,Spl Tops Span Amer Lit:Borges,SPAN,Fischer
10770,The City in Span Amer Lit,SPAN,Schulz
20490,Lit Responses to Dictatorship,SPAN,Fischer
10528,Introduction to Theatre,THEA,Worley
10530,Masks  and  Make-up Design,THEA,Carr
10531,Design for the Theatre: Sets,THEA,Muller
20525,Costume History  and  Design,THEA,Carr
10611,Animal Behav.  and  Behav.Ecology,BIOL,Yezerinac
20526,Design for Theatre: Lights,THEA,Muller
10532,Acting Laboratory,THEA,Worley
10533,Plays and Playhouses,THEA,Clinton
20527,Intercultr ExperimentsTheatre,THEA,Worley
10534,Playwriting,THEA,Clinton
20528,Techniques of Acting,THEA,Worley
10535,Directing I,THEA,Clinton
20529,Special Problems in Directing,THEA,Clinton
10744,Topics in FrenchEnlightenment,HIST,Kierstead
10745,Greek Humanities,HUM,King
10482,General Linguistics,ANTH,Haviland
10612,Animal Behav.  and  Behav.Ecology,BIOL,Yezerinac
20649,ColonizingAfrica:Conrad and Congo,LBST,Lowe
20650,Don Quixote  and  Narr. Theory,LIT,Drumm
10746,Ornamental Art,MATH,Wieting
20651,Experiments Intercult Theatre,THEA,Worley
10613,Developmental Biology,BIOL,Black
10614,Developmental Biology,BIOL,Black
10615,Developmental Biology,BIOL,Black
20597,Genetics and Gene Regulation,BIOL,Shampay
20599,Genetics and Gene Regulation,BIOL,Shampay
20600,Genetics and Gene Regulation,BIOL,Shampay
10771,Microbiology,BIOL,Mellies
10772,Microbiology,BIOL,Mellies
10773,Microbiology,BIOL,Mellies
10485,Language in Society,ANTH,Haviland
20603,Microbiology,BIOL,
20604,Microbiology,BIOL,
20605,Microbiology,BIOL,
10616,Genetics and MolecularBiology,BIOL,Russell
10617,Genetics and MolecularBiology,BIOL,Russell
10618,Genetics and MolecularBiology,BIOL,Russell
10619,Genetics and MolecularBiology,BIOL,Russell
20606,Population Bio:Ecolgy and Evolutn,BIOL,Kaplan
20608,Population Bio:Ecolgy and Evolutn,BIOL,Kaplan
20610,Population Bio:Ecolgy and Evolutn,BIOL,Kaplan
10768,Ethnic  and  Nation France  and  NAfr,ANTH,Silverstein
10410,Scientific Computation,BIOL,Crandall
20617,Cellular Biology,BIOL,McClellan
20620,Cellular Biology,BIOL,McClellan
20621,Cellular Biology,BIOL,McClellan
10620,Animal Physiology,BIOL,Arch
10622,Animal Physiology,BIOL,Arch
10623,Animal Physiology,BIOL,Arch
10776,Evolutionary Biology,BIOL,Raubeson
10778,Evolutionary Biology,BIOL,Raubeson
10779,Evolutionary Biology,BIOL,Raubeson
